field_key,category_name,definition,type,component_scope,requiredness_lesson_player_supabase,requiredness_lv2,affects_lineage
acceptedCorrections,Activities & Interaction,NEEDS_USER_INPUT,list,not_active_in_component_rules,lesson_player=[not_specified_in_repo] ; supabase=[not_active_in_component_rules],not_specified_in_repo,supabase
activityTypes,Activities & Interaction,NEEDS_USER_INPUT,text,groups; lessons,lesson_player=[not_specified_in_repo] ; supabase=[groups:optional; lessons:optional],component_payload: groups:optional; lessons:optional,"lv2,supabase"
audioA,Activities & Interaction,NEEDS_USER_INPUT,audio_selector,activity_slides,lesson_player=[not_specified_in_repo] ; supabase=[activity_slides:optional],component_payload: activity_slides:optional,"lv2,supabase"
audioB,Activities & Interaction,NEEDS_USER_INPUT,audio_selector,activity_slides,lesson_player=[not_specified_in_repo] ; supabase=[activity_slides:optional],component_payload: activity_slides:optional,"lv2,supabase"
audioClips,Activities & Interaction,NEEDS_USER_INPUT,audio_list,not_active_in_component_rules,lesson_player=[not_specified_in_repo] ; supabase=[not_active_in_component_rules],not_specified_in_repo,supabase
audioPrompt,Activities & Interaction,NEEDS_USER_INPUT,audio_prompt,activity_slides,lesson_player=[required_contexts: required in ACT-009] ; supabase=[activity_slides:optional],component_payload: activity_slides:optional,"lv2,player,supabase"
avatarDialogues,Activities & Interaction,NEEDS_USER_INPUT,avatar_dialogues_mapper,not_active_in_component_rules,lesson_player=[not_specified_in_repo] ; supabase=[not_active_in_component_rules],not_specified_in_repo,supabase
blanks,Activities & Interaction,NEEDS_USER_INPUT,blanks_mapper,not_active_in_component_rules,lesson_player=[not_specified_in_repo] ; supabase=[not_active_in_component_rules],not_specified_in_repo,supabase
categoryLabels,Activities & Interaction,NEEDS_USER_INPUT,list,activity_slides,lesson_player=[required_contexts: required in ACT-014] ; supabase=[activity_slides:optional],not_specified_in_repo,"player,supabase"
choiceElements,Activities & Interaction,NEEDS_USER_INPUT,choice_elements_mapper,activity_slides,lesson_player=[required_contexts: required in ACT-003; ACT-009; ACT-010; ACT-012] ; supabase=[activity_slides:optional],component_payload: activity_slides:optional,"lv2,player,supabase"
correctAnswer,Activities & Interaction,NEEDS_USER_INPUT,select,activity_slides,lesson_player=[required_contexts: required in ACT-009; ACT-010; ACT-011] ; supabase=[activity_slides:optional],not_specified_in_repo,"player,supabase"
correctCurveId,Activities & Interaction,NEEDS_USER_INPUT,select,activity_slides,lesson_player=[required_contexts: required in ACT-004] ; supabase=[activity_slides:optional],component_payload: activity_slides:optional,"lv2,player,supabase"
correctOddIndex,Activities & Interaction,NEEDS_USER_INPUT,text,activity_slides,lesson_player=[required_contexts: required in ACT-012] ; supabase=[activity_slides:optional],not_specified_in_repo,"player,supabase"
correctOrderClips,Activities & Interaction,NEEDS_USER_INPUT,list,not_active_in_component_rules,lesson_player=[required_contexts: required in ACT-015] ; supabase=[not_active_in_component_rules],not_specified_in_repo,"player,supabase"
correctOrderWords,Activities & Interaction,NEEDS_USER_INPUT,list,activity_slides,lesson_player=[required_contexts: required in ACT-015] ; supabase=[activity_slides:optional],not_specified_in_repo,"player,supabase"
correctStressIndex,Activities & Interaction,NEEDS_USER_INPUT,text,activity_slides,lesson_player=[required_contexts: required in ACT-002] ; supabase=[activity_slides:optional],component_payload: activity_slides:optional,"lv2,player,supabase"
errorIndex,Activities & Interaction,NEEDS_USER_INPUT,text,not_active_in_component_rules,lesson_player=[not_specified_in_repo] ; supabase=[not_active_in_component_rules],not_specified_in_repo,supabase
imageUrl,Activities & Interaction,NEEDS_USER_INPUT,media_picker,not_active_in_component_rules,lesson_player=[not_specified_in_repo] ; supabase=[not_active_in_component_rules],not_specified_in_repo,supabase
incorrectSentence,Activities & Interaction,NEEDS_USER_INPUT,text,not_active_in_component_rules,lesson_player=[not_specified_in_repo] ; supabase=[not_active_in_component_rules],not_specified_in_repo,supabase
intonationOptions,Activities & Interaction,NEEDS_USER_INPUT,text,activity_slides,lesson_player=[required_contexts: required in ACT-004] ; supabase=[activity_slides:optional],component_payload: activity_slides:optional,"lv2,player,supabase"
keywordThreshold,Activities & Interaction,NEEDS_USER_INPUT,text,not_active_in_component_rules,lesson_player=[not_specified_in_repo] ; supabase=[not_active_in_component_rules],not_specified_in_repo,supabase
letterUnits,Activities & Interaction,NEEDS_USER_INPUT,list,not_active_in_component_rules,lesson_player=[not_specified_in_repo] ; supabase=[not_active_in_component_rules],not_specified_in_repo,supabase
lines,Activities & Interaction,NEEDS_USER_INPUT,audio_lines_mapper,activity_slides,lesson_player=[required_contexts: required in ACT-001; one-of requirement in ACT-005] ; supabase=[activity_slides:optional],component_payload: activity_slides:optional,"lv2,player,supabase"
matchPairs,Activities & Interaction,NEEDS_USER_INPUT,match_pairs_mapper,activity_slides,lesson_player=[required_contexts: required in ACT-013] ; supabase=[activity_slides:optional],not_specified_in_repo,"player,supabase"
maxRetries,Activities & Interaction,NEEDS_USER_INPUT,text,not_active_in_component_rules,lesson_player=[not_specified_in_repo] ; supabase=[not_active_in_component_rules],not_specified_in_repo,supabase
maxWordCount,Activities & Interaction,NEEDS_USER_INPUT,text,not_active_in_component_rules,lesson_player=[not_specified_in_repo] ; supabase=[not_active_in_component_rules],not_specified_in_repo,supabase
minWordCount,Activities & Interaction,NEEDS_USER_INPUT,text,not_active_in_component_rules,lesson_player=[not_specified_in_repo] ; supabase=[not_active_in_component_rules],not_specified_in_repo,supabase
passThreshold,Activities & Interaction,NEEDS_USER_INPUT,text,not_active_in_component_rules,lesson_player=[not_specified_in_repo] ; supabase=[not_active_in_component_rules],not_specified_in_repo,supabase
promptMode,Activities & Interaction,NEEDS_USER_INPUT,select,activity_slides,lesson_player=[required_contexts: required in ACT-003] ; supabase=[activity_slides:optional],component_payload: activity_slides:optional,"lv2,player,supabase"
promptText,Activities & Interaction,NEEDS_USER_INPUT,text,activity_slides,lesson_player=[required_contexts: required in ACT-010] ; supabase=[activity_slides:optional],not_specified_in_repo,"player,supabase"
sentenceCards,Activities & Interaction,NEEDS_USER_INPUT,list,not_active_in_component_rules,lesson_player=[not_specified_in_repo] ; supabase=[not_active_in_component_rules],not_specified_in_repo,supabase
sentenceTokens,Activities & Interaction,NEEDS_USER_INPUT,list,activity_slides,lesson_player=[required_contexts: required in ACT-015] ; supabase=[activity_slides:optional],not_specified_in_repo,"player,supabase"
sentenceWithGaps,Activities & Interaction,NEEDS_USER_INPUT,text,not_active_in_component_rules,lesson_player=[not_specified_in_repo] ; supabase=[not_active_in_component_rules],not_specified_in_repo,supabase
statement,Activities & Interaction,NEEDS_USER_INPUT,text,activity_slides,lesson_player=[required_contexts: required in ACT-011] ; supabase=[activity_slides:optional],not_specified_in_repo,"player,supabase"
syllableBreakdown,Activities & Interaction,NEEDS_USER_INPUT,text,activity_slides,lesson_player=[required_contexts: one-of requirement in ACT-002] ; supabase=[activity_slides:optional],component_payload: activity_slides:optional,"lv2,player,supabase"
targetKeywords,Activities & Interaction,NEEDS_USER_INPUT,list,not_active_in_component_rules,lesson_player=[not_specified_in_repo] ; supabase=[not_active_in_component_rules],not_specified_in_repo,supabase
targetText,Activities & Interaction,NEEDS_USER_INPUT,text,activity_slides,lesson_player=[required_contexts: one-of requirement in ACT-005] ; supabase=[activity_slides:optional],not_specified_in_repo,"player,supabase"
tenseBins,Activities & Interaction,NEEDS_USER_INPUT,list,not_active_in_component_rules,lesson_player=[not_specified_in_repo] ; supabase=[not_active_in_component_rules],not_specified_in_repo,supabase
word,Activities & Interaction,NEEDS_USER_INPUT,text,not_active_in_component_rules,lesson_player=[not_specified_in_repo] ; supabase=[not_active_in_component_rules],not_specified_in_repo,supabase
wordAudio,Activities & Interaction,NEEDS_USER_INPUT,audio_prompt,not_active_in_component_rules,lesson_player=[not_specified_in_repo] ; supabase=[not_active_in_component_rules],not_specified_in_repo,supabase
wordBank,Activities & Interaction,NEEDS_USER_INPUT,list,activity_slides,lesson_player=[required_contexts: required in ACT-014] ; supabase=[activity_slides:optional],not_specified_in_repo,"player,supabase"
propsJson,Activities & Interaction,NEEDS_USER_INPUT,json,activity_slides,lesson_player=[not_specified_in_repo] ; supabase=[activity_slides:optional],component_payload: activity_slides:optional,"lv2,supabase"
aiInstructions,AI Generation & Prompting,NEEDS_USER_INPUT,text,activity_slides; groups; lessons; modules; slides,lesson_player=[not_specified_in_repo] ; supabase=[activity_slides:optional; groups:optional; lessons:optional; modules:optional; slides:optional],component_payload: activity_slides:optional; groups:optional; lessons:optional; modules:optional; slides:optional,"lv2,supabase"
exampleResponses,AI Generation & Prompting,NEEDS_USER_INPUT,text,activity_slides; groups; lessons,lesson_player=[not_specified_in_repo] ; supabase=[activity_slides:optional; groups:optional; lessons:optional],component_payload: activity_slides:optional; groups:optional; lessons:optional,"lv2,supabase"
expansionGuidelines,AI Generation & Prompting,NEEDS_USER_INPUT,text,activity_slides; groups; lessons; modules; slides,lesson_player=[not_specified_in_repo] ; supabase=[activity_slides:optional; groups:optional; lessons:optional; modules:optional; slides:optional],component_payload: activity_slides:optional; groups:optional; lessons:optional; modules:optional; slides:optional,"lv2,supabase"
forbiddenPatterns,AI Generation & Prompting,NEEDS_USER_INPUT,text,activity_slides; groups; lessons; modules; slides,lesson_player=[not_specified_in_repo] ; supabase=[activity_slides:optional; groups:optional; lessons:optional; modules:optional; slides:optional],component_payload: activity_slides:optional; groups:optional; lessons:optional; modules:optional; slides:optional,"lv2,supabase"
signatureMetaphors,AI Generation & Prompting,NEEDS_USER_INPUT,text,activity_slides; groups; lessons; slides,lesson_player=[not_specified_in_repo] ; supabase=[activity_slides:optional; groups:optional; lessons:optional; slides:optional],component_payload: activity_slides:optional; groups:optional; lessons:optional; slides:optional,"lv2,supabase"
simplificationGuidelines,AI Generation & Prompting,NEEDS_USER_INPUT,text,activity_slides; groups; lessons; modules; slides,lesson_player=[not_specified_in_repo] ; supabase=[activity_slides:optional; groups:optional; lessons:optional; modules:optional; slides:optional],component_payload: activity_slides:optional; groups:optional; lessons:optional; modules:optional; slides:optional,"lv2,supabase"
styleConstraints,AI Generation & Prompting,NEEDS_USER_INPUT,text,activity_slides; groups; lessons; modules; slides,lesson_player=[not_specified_in_repo] ; supabase=[activity_slides:optional; groups:optional; lessons:optional; modules:optional; slides:optional],component_payload: activity_slides:optional; groups:optional; lessons:optional; modules:optional; slides:optional,"lv2,supabase"
moduleAssessmentPlan,Assessment & Mastery,NEEDS_USER_INPUT,text,modules,lesson_player=[not_specified_in_repo] ; supabase=[modules:optional],component_payload: modules:optional,"lv2,supabase"
moduleMasteryRule,Assessment & Mastery,NEEDS_USER_INPUT,select,modules,lesson_player=[not_specified_in_repo] ; supabase=[modules:optional],component_payload: modules:optional,"lv2,supabase"
moduleMasteryThreshold,Assessment & Mastery,NEEDS_USER_INPUT,text,modules,lesson_player=[not_specified_in_repo] ; supabase=[modules:optional],component_payload: modules:optional,"lv2,supabase"
assessmentPlan,Assessment & Mastery,NEEDS_USER_INPUT,text,activity_slides; groups; lessons; slides,lesson_player=[not_specified_in_repo] ; supabase=[activity_slides:optional; groups:optional; lessons:optional; slides:optional],component_payload: activity_slides:optional; groups:optional; lessons:optional; slides:optional,"lv2,supabase"
successCriteria,Assessment & Mastery,NEEDS_USER_INPUT,text,activity_slides; groups; lessons; slides,lesson_player=[not_specified_in_repo] ; supabase=[activity_slides:optional; groups:optional; lessons:optional; slides:optional],component_payload: activity_slides:optional; groups:optional; lessons:optional; slides:optional,"lv2,supabase"
isRequiredToPass,Assessment & Mastery,NEEDS_USER_INPUT,checkbox,activity_slides; groups,lesson_player=[not_specified_in_repo] ; supabase=[activity_slides:optional; groups:optional],component_payload: activity_slides:optional; groups:optional,"lv2,supabase"
passRequiredForNext,Assessment & Mastery,NEEDS_USER_INPUT,checkbox,activity_slides; groups; lessons,lesson_player=[not_specified_in_repo] ; supabase=[activity_slides:optional; groups:optional; lessons:optional],component_payload: activity_slides:optional; groups:optional; lessons:optional,"lv2,supabase"
passingScoreType,Assessment & Mastery,NEEDS_USER_INPUT,select,activity_slides; groups,lesson_player=[not_specified_in_repo] ; supabase=[activity_slides:optional; groups:optional],component_payload: activity_slides:optional; groups:optional,"lv2,supabase"
passingScoreValue,Assessment & Mastery,NEEDS_USER_INPUT,text,activity_slides; groups,lesson_player=[not_specified_in_repo] ; supabase=[activity_slides:optional; groups:optional],component_payload: activity_slides:optional; groups:optional,"lv2,supabase"
requiredScore,Assessment & Mastery,NEEDS_USER_INPUT,text,activity_slides; groups; lessons,lesson_player=[not_specified_in_repo] ; supabase=[activity_slides:optional; groups:optional; lessons:optional],component_payload: activity_slides:optional; groups:optional; lessons:optional,"lv2,supabase"
maxAttempts,Assessment & Mastery,NEEDS_USER_INPUT,text,activity_slides; groups; lessons,lesson_player=[not_specified_in_repo] ; supabase=[activity_slides:optional; groups:optional; lessons:optional],component_payload: activity_slides:optional; groups:optional; lessons:optional,"lv2,supabase"
maxScoreValue,Assessment & Mastery,NEEDS_USER_INPUT,text,activity_slides; groups,lesson_player=[not_specified_in_repo] ; supabase=[activity_slides:optional; groups:optional],component_payload: activity_slides:optional; groups:optional,"lv2,supabase"
masteryRule,Assessment & Mastery,NEEDS_USER_INPUT,select,activity_slides; groups; lessons,lesson_player=[not_specified_in_repo] ; supabase=[activity_slides:optional; groups:optional; lessons:optional],component_payload: activity_slides:optional; groups:optional; lessons:optional,"lv2,supabase"
masteryThreshold,Assessment & Mastery,NEEDS_USER_INPUT,text,activity_slides; groups; lessons,lesson_player=[not_specified_in_repo] ; supabase=[activity_slides:optional; groups:optional; lessons:optional],component_payload: activity_slides:optional; groups:optional; lessons:optional,"lv2,supabase"
audioId,Content & Media,NEEDS_USER_INPUT,audio_selector,activity_slides; lesson_ends; slides; title_slides,lesson_player=[required_contexts: one-of requirement in ACT-002; one-of requirement in ACT-004] ; supabase=[activity_slides:optional; lesson_ends:optional; slides:optional; title_slides:optional],component_payload: activity_slides:optional; lesson_ends:optional; slides:optional; title_slides:optional,"lv2,player,supabase"
subtitle,Content & Media,NEEDS_USER_INPUT,text,activity_slides; title_slides,lesson_player=[not_specified_in_repo] ; supabase=[activity_slides:optional; title_slides:optional],component_payload: activity_slides:optional; title_slides:optional,"lv2,supabase"
textSubtype,Content & Media,NEEDS_USER_INPUT,select,activity_slides; slides,lesson_player=[not_specified_in_repo] ; supabase=[activity_slides:optional; slides:optional],component_payload: activity_slides:optional; slides:optional,"lv2,supabase"
note,Content & Media,NEEDS_USER_INPUT,text,activity_slides,lesson_player=[not_specified_in_repo] ; supabase=[activity_slides:optional],component_payload: activity_slides:optional,"lv2,supabase"
body,Content & Media,NEEDS_USER_INPUT,text,activity_slides,lesson_player=[required_contexts: one-of requirement in ACT-002; one-of requirement in ACT-005] ; supabase=[activity_slides:optional],component_payload: activity_slides:optional,"lv2,player,supabase"
body1,Content & Media,NEEDS_USER_INPUT,text,slides,lesson_player=[not_specified_in_repo] ; supabase=[slides:optional],component_payload: slides:optional,"lv2,supabase"
body2,Content & Media,NEEDS_USER_INPUT,text,slides,lesson_player=[not_specified_in_repo] ; supabase=[slides:optional],component_payload: slides:optional,"lv2,supabase"
body3,Content & Media,NEEDS_USER_INPUT,text,slides,lesson_player=[not_specified_in_repo] ; supabase=[slides:optional],component_payload: slides:optional,"lv2,supabase"
body4,Content & Media,NEEDS_USER_INPUT,text,slides,lesson_player=[not_specified_in_repo] ; supabase=[slides:optional],component_payload: slides:optional,"lv2,supabase"
body5,Content & Media,NEEDS_USER_INPUT,text,slides,lesson_player=[not_specified_in_repo] ; supabase=[slides:optional],component_payload: slides:optional,"lv2,supabase"
body6,Content & Media,NEEDS_USER_INPUT,text,slides,lesson_player=[not_specified_in_repo] ; supabase=[slides:optional],component_payload: slides:optional,"lv2,supabase"
body7,Content & Media,NEEDS_USER_INPUT,text,slides,lesson_player=[not_specified_in_repo] ; supabase=[slides:optional],component_payload: slides:optional,"lv2,supabase"
body8,Content & Media,NEEDS_USER_INPUT,text,slides,lesson_player=[not_specified_in_repo] ; supabase=[slides:optional],component_payload: slides:optional,"lv2,supabase"
buttons,Content & Media,NEEDS_USER_INPUT,json,activity_slides; lesson_ends; slides; title_slides,lesson_player=[not_specified_in_repo] ; supabase=[activity_slides:optional; lesson_ends:optional; slides:optional; title_slides:optional],component_payload: activity_slides:optional; lesson_ends:optional; slides:optional; title_slides:optional,"lv2,supabase"
lessonEndMessage,Content & Media,NEEDS_USER_INPUT,text,lesson_ends,lesson_player=[not_specified_in_repo] ; supabase=[lesson_ends:optional],component_payload: lesson_ends:optional,"lv2,supabase"
lessonEndActions,Content & Media,NEEDS_USER_INPUT,json,lesson_ends,lesson_player=[not_specified_in_repo] ; supabase=[lesson_ends:optional],component_payload: lesson_ends:optional,"lv2,supabase"
primaryCtaAction,Content & Media,NEEDS_USER_INPUT,select,title_slides,lesson_player=[not_specified_in_repo] ; supabase=[title_slides:optional],component_payload: title_slides:optional,"lv2,supabase"
primaryCtaLabel,Content & Media,NEEDS_USER_INPUT,text,title_slides,lesson_player=[not_specified_in_repo] ; supabase=[title_slides:optional],component_payload: title_slides:optional,"lv2,supabase"
activityId,Identity & Lifecycle,NEEDS_USER_INPUT,text,activity_slides; lesson_ends,lesson_player=[not_specified_in_repo] ; supabase=[activity_slides:optional; lesson_ends:optional],component_payload: activity_slides:optional; lesson_ends:optional,"lv2,supabase"
groupId,Identity & Lifecycle,NEEDS_USER_INPUT,text,activity_slides; groups; lesson_ends; slides,lesson_player=[not_specified_in_repo] ; supabase=[activity_slides:optional; groups:optional; lesson_ends:optional; slides:optional],component_payload: activity_slides:optional; groups:optional; lesson_ends:optional; slides:optional | top_level_contract: groups.update identity (required); slides.create parent (required); slides.update parent (optional); activity_slides.create parent (required); activity_slides.update parent (optional),"lv2,supabase"
groupName,Identity & Lifecycle,NEEDS_USER_INPUT,text,activity_slides; groups; lesson_ends; slides,lesson_player=[not_specified_in_repo] ; supabase=[activity_slides:optional; groups:optional; lesson_ends:optional; slides:optional],component_payload: activity_slides:optional; groups:optional; lesson_ends:optional; slides:optional,"lv2,supabase"
lastUpdatedAt,Identity & Lifecycle,NEEDS_USER_INPUT,text,activity_slides; groups; lesson_ends; lessons; modules; slides; title_slides,lesson_player=[not_specified_in_repo] ; supabase=[activity_slides:optional; groups:optional; lesson_ends:optional; lessons:optional; modules:optional; slides:optional; title_slides:optional],component_payload: activity_slides:optional; groups:optional; lesson_ends:optional; lessons:optional; modules:optional; slides:optional; title_slides:optional,"lv2,supabase"
lastUpdatedBy,Identity & Lifecycle,NEEDS_USER_INPUT,text,activity_slides; groups; lesson_ends; lessons; modules; slides; title_slides,lesson_player=[not_specified_in_repo] ; supabase=[activity_slides:optional; groups:optional; lesson_ends:optional; lessons:optional; modules:optional; slides:optional; title_slides:optional],component_payload: activity_slides:optional; groups:optional; lesson_ends:optional; lessons:optional; modules:optional; slides:optional; title_slides:optional,"lv2,supabase"
lessonId,Identity & Lifecycle,NEEDS_USER_INPUT,text,activity_slides; groups; lesson_ends; lessons; slides; title_slides,lesson_player=[not_specified_in_repo] ; supabase=[activity_slides:optional; groups:optional; lesson_ends:required; lessons:optional; slides:optional; title_slides:optional],component_payload: activity_slides:optional; groups:optional; lesson_ends:required; lessons:optional; slides:optional; title_slides:optional | top_level_contract: lessons.update identity (required); groups.create parent (required); groups.update parent (optional); title_slides.create parent (required); title_slides.update parent (optional); lesson_ends.create parent (required); lesson_ends.update parent (optional),"lv2,supabase"
moduleId,Identity & Lifecycle,NEEDS_USER_INPUT,select,activity_slides; groups; lesson_ends; lessons; modules; slides; title_slides,lesson_player=[not_specified_in_repo] ; supabase=[activity_slides:optional; groups:optional; lesson_ends:required; lessons:optional; modules:optional; slides:optional; title_slides:optional],component_payload: activity_slides:optional; groups:optional; lesson_ends:required; lessons:optional; modules:optional; slides:optional; title_slides:optional | top_level_contract: modules.update identity (required); lessons.create parent (required); lessons.update parent (optional) | lesson_ends_baseline: required,"lv2,supabase"
ownerTeam,Identity & Lifecycle,NEEDS_USER_INPUT,text,activity_slides; groups; lesson_ends; lessons; modules; slides; title_slides,lesson_player=[not_specified_in_repo] ; supabase=[activity_slides:optional; groups:optional; lesson_ends:optional; lessons:optional; modules:optional; slides:optional; title_slides:optional],component_payload: activity_slides:optional; groups:optional; lesson_ends:optional; lessons:optional; modules:optional; slides:optional; title_slides:optional,"lv2,supabase"
slideId,Identity & Lifecycle,NEEDS_USER_INPUT,text,activity_slides; lesson_ends; slides; title_slides,lesson_player=[not_specified_in_repo] ; supabase=[activity_slides:required; lesson_ends:required; slides:required; title_slides:required],component_payload: activity_slides:required; lesson_ends:required; slides:required; title_slides:required | top_level_contract: slides.update identity (required); activity_slides.update identity (required); title_slides.update identity (required); lesson_ends.update identity (required),"lv2,supabase"
slug,Identity & Lifecycle,NEEDS_USER_INPUT,text,activity_slides; groups; lesson_ends; lessons; modules; slides; title_slides,lesson_player=[not_specified_in_repo] ; supabase=[activity_slides:required; groups:required; lesson_ends:required; lessons:required; modules:required; slides:required; title_slides:required],component_payload: activity_slides:required; groups:required; lesson_ends:required; lessons:required; modules:required; slides:required; title_slides:required | lesson_ends_baseline: required,"lv2,supabase"
title,Identity & Lifecycle,NEEDS_USER_INPUT,text,activity_slides; groups; lessons; modules; title_slides,lesson_player=[not_specified_in_repo] ; supabase=[activity_slides:optional; groups:optional; lessons:optional; modules:optional; title_slides:optional],component_payload: activity_slides:optional; groups:optional; lessons:optional; modules:optional; title_slides:optional,"lv2,supabase"
version,Identity & Lifecycle,NEEDS_USER_INPUT,text,activity_slides; groups; lesson_ends; lessons; modules; slides; title_slides,lesson_player=[not_specified_in_repo] ; supabase=[activity_slides:optional; groups:optional; lesson_ends:optional; lessons:optional; modules:optional; slides:optional; title_slides:optional],component_payload: activity_slides:optional; groups:optional; lesson_ends:optional; lessons:optional; modules:optional; slides:optional; title_slides:optional,"lv2,supabase"
visibility,Identity & Lifecycle,NEEDS_USER_INPUT,select,activity_slides; groups; lesson_ends; lessons; modules; slides; title_slides,lesson_player=[not_specified_in_repo] ; supabase=[activity_slides:optional; groups:optional; lesson_ends:optional; lessons:optional; modules:optional; slides:optional; title_slides:optional],component_payload: activity_slides:optional; groups:optional; lesson_ends:optional; lessons:optional; modules:optional; slides:optional; title_slides:optional,"lv2,supabase"
sourceVersion,Identity & Lifecycle,NEEDS_USER_INPUT,text,activity_slides; groups; lesson_ends; lessons; modules; slides; title_slides,lesson_player=[not_specified_in_repo] ; supabase=[activity_slides:optional; groups:optional; lesson_ends:optional; lessons:optional; modules:optional; slides:optional; title_slides:optional],component_payload: activity_slides:optional; groups:optional; lesson_ends:optional; lessons:optional; modules:optional; slides:optional; title_slides:optional,"lv2,supabase"
type,Identity & Lifecycle,NEEDS_USER_INPUT,text,activity_slides; slides,lesson_player=[not_specified_in_repo] ; supabase=[activity_slides:optional; slides:optional],component_payload: activity_slides:optional; slides:optional,"lv2,supabase"
instructions,Instructions & Flow,NEEDS_USER_INPUT,text,activity_slides; slides; title_slides,lesson_player=[not_specified_in_repo] ; supabase=[activity_slides:optional; slides:optional; title_slides:optional],component_payload: activity_slides:optional; slides:optional; title_slides:optional,"lv2,supabase"
allowRetry,Instructions & Flow,NEEDS_USER_INPUT,checkbox,activity_slides; groups; lessons,lesson_player=[not_specified_in_repo] ; supabase=[activity_slides:optional; groups:optional; lessons:optional],component_payload: activity_slides:optional; groups:optional; lessons:optional,"lv2,supabase"
retryPolicy,Instructions & Flow,NEEDS_USER_INPUT,select,activity_slides; groups; lessons,lesson_player=[not_specified_in_repo] ; supabase=[activity_slides:optional; groups:optional; lessons:optional],component_payload: activity_slides:optional; groups:optional; lessons:optional,"lv2,supabase"
allowSkip,Instructions & Flow,NEEDS_USER_INPUT,checkbox,activity_slides; groups; lessons,lesson_player=[not_specified_in_repo] ; supabase=[activity_slides:optional; groups:optional; lessons:optional],component_payload: activity_slides:optional; groups:optional; lessons:optional,"lv2,supabase"
skipPolicy,Instructions & Flow,NEEDS_USER_INPUT,select,activity_slides; groups; lessons,lesson_player=[not_specified_in_repo] ; supabase=[activity_slides:optional; groups:optional; lessons:optional],component_payload: activity_slides:optional; groups:optional; lessons:optional,"lv2,supabase"
minAttemptsBeforeSkip,Instructions & Flow,NEEDS_USER_INPUT,text,activity_slides; groups; lessons,lesson_player=[not_specified_in_repo] ; supabase=[activity_slides:optional; groups:optional; lessons:optional],component_payload: activity_slides:optional; groups:optional; lessons:optional,"lv2,supabase"
autoAdvance,Instructions & Flow,NEEDS_USER_INPUT,checkbox,activity_slides; groups,lesson_player=[not_specified_in_repo] ; supabase=[activity_slides:optional; groups:optional],component_payload: activity_slides:optional; groups:optional,"lv2,supabase"
delayMs,Instructions & Flow,NEEDS_USER_INPUT,text,activity_slides,lesson_player=[not_specified_in_repo] ; supabase=[activity_slides:optional],component_payload: activity_slides:optional,"lv2,supabase"
recommendedNextStep,Instructions & Flow,NEEDS_USER_INPUT,select,lesson_ends,lesson_player=[not_specified_in_repo] ; supabase=[lesson_ends:optional],component_payload: lesson_ends:optional,"lv2,supabase"
keyTakeawaysLesson,"Links, Dependencies & Summaries",NEEDS_USER_INPUT,text,lessons,lesson_player=[not_specified_in_repo] ; supabase=[lessons:optional],component_payload: lessons:optional,"lv2,supabase"
keyTakeawaysSlide,"Links, Dependencies & Summaries",NEEDS_USER_INPUT,text,slides,lesson_player=[not_specified_in_repo] ; supabase=[slides:optional],component_payload: slides:optional,"lv2,supabase"
learningGoalPreviewModule,"Links, Dependencies & Summaries",NEEDS_USER_INPUT,text,modules,lesson_player=[not_specified_in_repo] ; supabase=[modules:optional],component_payload: modules:optional,"lv2,supabase"
learningGoalPreviewLesson,"Links, Dependencies & Summaries",NEEDS_USER_INPUT,text,lessons,lesson_player=[not_specified_in_repo] ; supabase=[lessons:optional],component_payload: lessons:optional,"lv2,supabase"
learningGoalPreviewGroup,"Links, Dependencies & Summaries",NEEDS_USER_INPUT,text,groups,lesson_player=[not_specified_in_repo] ; supabase=[groups:optional],component_payload: groups:optional,"lv2,supabase"
linkedModules,"Links, Dependencies & Summaries",NEEDS_USER_INPUT,text,modules,lesson_player=[not_specified_in_repo] ; supabase=[modules:optional],component_payload: modules:optional,"lv2,supabase"
linkedGroups,"Links, Dependencies & Summaries",NEEDS_USER_INPUT,text,groups,lesson_player=[not_specified_in_repo] ; supabase=[groups:optional],component_payload: groups:optional,"lv2,supabase"
linkedResources,"Links, Dependencies & Summaries",NEEDS_USER_INPUT,text,activity_slides; groups; lessons; modules,lesson_player=[not_specified_in_repo] ; supabase=[activity_slides:optional; groups:optional; lessons:optional; modules:optional],component_payload: activity_slides:optional; groups:optional; lessons:optional; modules:optional,"lv2,supabase"
timeExpectationLesson,"Links, Dependencies & Summaries",NEEDS_USER_INPUT,text,lessons,lesson_player=[not_specified_in_repo] ; supabase=[lessons:optional],component_payload: lessons:optional,"lv2,supabase"
timeExpectationGroup,"Links, Dependencies & Summaries",NEEDS_USER_INPUT,text,groups,lesson_player=[not_specified_in_repo] ; supabase=[groups:optional],component_payload: groups:optional,"lv2,supabase"
timeExpectationActivity,"Links, Dependencies & Summaries",NEEDS_USER_INPUT,text,activity_slides,lesson_player=[not_specified_in_repo] ; supabase=[activity_slides:optional],component_payload: activity_slides:optional,"lv2,supabase"
estimatedMinutes,"Links, Dependencies & Summaries",NEEDS_USER_INPUT,text,activity_slides; groups; lessons,lesson_player=[not_specified_in_repo] ; supabase=[activity_slides:optional; groups:optional; lessons:optional],component_payload: activity_slides:optional; groups:optional; lessons:optional,"lv2,supabase"
culturalContext,Localization,NEEDS_USER_INPUT,text,activity_slides; groups; lessons; slides,lesson_player=[not_specified_in_repo] ; supabase=[activity_slides:optional; groups:optional; lessons:optional; slides:optional],component_payload: activity_slides:optional; groups:optional; lessons:optional; slides:optional,"lv2,supabase"
defaultLang,Localization,NEEDS_USER_INPUT,select,activity_slides; groups; lesson_ends; lessons; modules; slides; title_slides,lesson_player=[not_specified_in_repo] ; supabase=[activity_slides:optional; groups:optional; lesson_ends:optional; lessons:optional; modules:optional; slides:optional; title_slides:optional],component_payload: activity_slides:optional; groups:optional; lesson_ends:optional; lessons:optional; modules:optional; slides:optional; title_slides:optional,"lv2,supabase"
l1InterferenceNotes,Localization,NEEDS_USER_INPUT,text,activity_slides; groups; lessons; slides,lesson_player=[not_specified_in_repo] ; supabase=[activity_slides:optional; groups:optional; lessons:optional; slides:optional],component_payload: activity_slides:optional; groups:optional; lessons:optional; slides:optional,"lv2,supabase"
registerTone,Localization,NEEDS_USER_INPUT,select,activity_slides; groups; lessons; modules,lesson_player=[not_specified_in_repo] ; supabase=[activity_slides:optional; groups:optional; lessons:optional; modules:optional],component_payload: activity_slides:optional; groups:optional; lessons:optional; modules:optional,"lv2,supabase"
registerVariants,Localization,NEEDS_USER_INPUT,text,activity_slides; groups; lessons; slides,lesson_player=[not_specified_in_repo] ; supabase=[activity_slides:optional; groups:optional; lessons:optional; slides:optional],component_payload: activity_slides:optional; groups:optional; lessons:optional; slides:optional,"lv2,supabase"
targetLanguage,Localization,NEEDS_USER_INPUT,text,activity_slides; groups; lesson_ends; lessons; modules; slides; title_slides,lesson_player=[not_specified_in_repo] ; supabase=[activity_slides:optional; groups:optional; lesson_ends:optional; lessons:optional; modules:optional; slides:optional; title_slides:optional],component_payload: activity_slides:optional; groups:optional; lesson_ends:optional; lessons:optional; modules:optional; slides:optional; title_slides:optional,"lv2,supabase"
breakingChangeGuard,"Operations, Provenance & Governance",NEEDS_USER_INPUT,checkbox,groups; lessons; modules,lesson_player=[not_specified_in_repo] ; supabase=[groups:optional; lessons:optional; modules:optional],component_payload: groups:optional; lessons:optional; modules:optional,"lv2,supabase"
changeImpactAssessment,"Operations, Provenance & Governance",NEEDS_USER_INPUT,text,groups; lessons; modules,lesson_player=[not_specified_in_repo] ; supabase=[groups:optional; lessons:optional; modules:optional],component_payload: groups:optional; lessons:optional; modules:optional,"lv2,supabase"
diffLog,"Operations, Provenance & Governance",NEEDS_USER_INPUT,json,activity_slides; groups; lesson_ends; lessons; modules; slides; title_slides,lesson_player=[not_specified_in_repo] ; supabase=[activity_slides:optional; groups:optional; lesson_ends:optional; lessons:optional; modules:optional; slides:optional; title_slides:optional],component_payload: activity_slides:optional; groups:optional; lesson_ends:optional; lessons:optional; modules:optional; slides:optional; title_slides:optional,"lv2,supabase"
extractabilityTier,"Operations, Provenance & Governance",NEEDS_USER_INPUT,select,activity_slides; groups,lesson_player=[not_specified_in_repo] ; supabase=[activity_slides:optional; groups:optional],component_payload: activity_slides:optional; groups:optional,"lv2,supabase"
ingestPayload,"Operations, Provenance & Governance",NEEDS_USER_INPUT,json,activity_slides; groups; lesson_ends; lessons; modules; slides; title_slides,lesson_player=[not_specified_in_repo] ; supabase=[activity_slides:optional; groups:optional; lesson_ends:optional; lessons:optional; modules:optional; slides:optional; title_slides:optional],component_payload: activity_slides:optional; groups:optional; lesson_ends:optional; lessons:optional; modules:optional; slides:optional; title_slides:optional,"ingest,lv2,supabase"
ingestSource,"Operations, Provenance & Governance",NEEDS_USER_INPUT,select,activity_slides; groups; lesson_ends; lessons; modules; slides; title_slides,lesson_player=[not_specified_in_repo] ; supabase=[activity_slides:optional; groups:optional; lesson_ends:optional; lessons:optional; modules:optional; slides:optional; title_slides:optional],component_payload: activity_slides:optional; groups:optional; lesson_ends:optional; lessons:optional; modules:optional; slides:optional; title_slides:optional,"ingest,lv2,supabase"
manualOverrideJson,"Operations, Provenance & Governance",NEEDS_USER_INPUT,json,activity_slides; groups; lessons; modules,lesson_player=[not_specified_in_repo] ; supabase=[activity_slides:optional; groups:optional; lessons:optional; modules:optional],component_payload: activity_slides:optional; groups:optional; lessons:optional; modules:optional,"lv2,supabase"
metadata,"Operations, Provenance & Governance",NEEDS_USER_INPUT,json,activity_slides; groups; lesson_ends; modules; slides; title_slides,lesson_player=[not_specified_in_repo] ; supabase=[activity_slides:optional; groups:optional; lesson_ends:optional; modules:optional; slides:optional; title_slides:optional],component_payload: activity_slides:optional; groups:optional; lesson_ends:optional; modules:optional; slides:optional; title_slides:optional,"lv2,supabase"
publishNotes,"Operations, Provenance & Governance",NEEDS_USER_INPUT,text,groups; lessons; modules,lesson_player=[not_specified_in_repo] ; supabase=[groups:optional; lessons:optional; modules:optional],component_payload: groups:optional; lessons:optional; modules:optional,"lv2,supabase"
reviewRequired,"Operations, Provenance & Governance",NEEDS_USER_INPUT,checkbox,groups; lessons; modules,lesson_player=[not_specified_in_repo] ; supabase=[groups:optional; lessons:optional; modules:optional],component_payload: groups:optional; lessons:optional; modules:optional,"lv2,supabase"
runtimeContractV1,"Operations, Provenance & Governance",NEEDS_USER_INPUT,json,activity_slides,lesson_player=[not_specified_in_repo] ; supabase=[activity_slides:optional],component_payload: activity_slides:optional,"lv2,supabase"
scaffoldingPlan,Pedagogy & Scaffolding,NEEDS_USER_INPUT,text,lessons,lesson_player=[not_specified_in_repo] ; supabase=[lessons:optional],component_payload: lessons:optional,"lv2,supabase"
pedagogicalStrategy,Pedagogy & Scaffolding,NEEDS_USER_INPUT,select,lessons; modules,lesson_player=[not_specified_in_repo] ; supabase=[lessons:optional; modules:optional],component_payload: lessons:optional; modules:optional,"lv2,supabase"
differentiationPaths,Pedagogy & Scaffolding,NEEDS_USER_INPUT,text,activity_slides; groups; lessons; modules; slides,lesson_player=[not_specified_in_repo] ; supabase=[activity_slides:optional; groups:optional; lessons:optional; modules:optional; slides:optional],component_payload: activity_slides:optional; groups:optional; lessons:optional; modules:optional; slides:optional,"lv2,supabase"
differentiationStrategies,Pedagogy & Scaffolding,NEEDS_USER_INPUT,text,activity_slides; groups; lessons; modules,lesson_player=[not_specified_in_repo] ; supabase=[activity_slides:optional; groups:optional; lessons:optional; modules:optional],component_payload: activity_slides:optional; groups:optional; lessons:optional; modules:optional,"lv2,supabase"
remediationGuidance,Pedagogy & Scaffolding,NEEDS_USER_INPUT,text,activity_slides; groups; lessons; modules,lesson_player=[not_specified_in_repo] ; supabase=[activity_slides:optional; groups:optional; lessons:optional; modules:optional],component_payload: activity_slides:optional; groups:optional; lessons:optional; modules:optional,"lv2,supabase"
remediationPaths,Pedagogy & Scaffolding,NEEDS_USER_INPUT,text,activity_slides; groups; lessons; modules; slides,lesson_player=[not_specified_in_repo] ; supabase=[activity_slides:optional; groups:optional; lessons:optional; modules:optional; slides:optional],component_payload: activity_slides:optional; groups:optional; lessons:optional; modules:optional; slides:optional,"lv2,supabase"
discourseFocus,Pedagogy & Scaffolding,NEEDS_USER_INPUT,text,activity_slides; groups; lessons; modules,lesson_player=[not_specified_in_repo] ; supabase=[activity_slides:optional; groups:optional; lessons:optional; modules:optional],component_payload: activity_slides:optional; groups:optional; lessons:optional; modules:optional,"lv2,supabase"
grammarFocus,Pedagogy & Scaffolding,NEEDS_USER_INPUT,text,activity_slides; groups; lessons; modules,lesson_player=[not_specified_in_repo] ; supabase=[activity_slides:optional; groups:optional; lessons:optional; modules:optional],component_payload: activity_slides:optional; groups:optional; lessons:optional; modules:optional,"lv2,supabase"
pronunciationFocus,Pedagogy & Scaffolding,NEEDS_USER_INPUT,text,activity_slides; groups; lessons; modules,lesson_player=[not_specified_in_repo] ; supabase=[activity_slides:optional; groups:optional; lessons:optional; modules:optional],component_payload: activity_slides:optional; groups:optional; lessons:optional; modules:optional,"lv2,supabase"
vocabularyTheme,Pedagogy & Scaffolding,NEEDS_USER_INPUT,text,activity_slides; groups; lessons; modules,lesson_player=[not_specified_in_repo] ; supabase=[activity_slides:optional; groups:optional; lessons:optional; modules:optional],component_payload: activity_slides:optional; groups:optional; lessons:optional; modules:optional,"lv2,supabase"
extraPracticeNotes,Pedagogy & Scaffolding,NEEDS_USER_INPUT,text,activity_slides; groups; lesson_ends; lessons; slides,lesson_player=[not_specified_in_repo] ; supabase=[activity_slides:optional; groups:optional; lesson_ends:optional; lessons:optional; slides:optional],component_payload: activity_slides:optional; groups:optional; lesson_ends:optional; lessons:optional; slides:optional,"lv2,supabase"
pacingNotes,Pedagogy & Scaffolding,NEEDS_USER_INPUT,text,groups; lessons,lesson_player=[not_specified_in_repo] ; supabase=[groups:optional; lessons:optional],component_payload: groups:optional; lessons:optional,"lv2,supabase"
practiceProgression,Pedagogy & Scaffolding,NEEDS_USER_INPUT,text,lessons,lesson_player=[not_specified_in_repo] ; supabase=[lessons:optional],component_payload: lessons:optional,"lv2,supabase"
moduleGoal,Purpose & Outcomes,NEEDS_USER_INPUT,text,modules,lesson_player=[not_specified_in_repo] ; supabase=[modules:optional],component_payload: modules:optional,"lv2,supabase"
moduleOutcomes,Purpose & Outcomes,NEEDS_USER_INPUT,text,modules,lesson_player=[not_specified_in_repo] ; supabase=[modules:optional],component_payload: modules:optional,"lv2,supabase"
groupGoal,Purpose & Outcomes,NEEDS_USER_INPUT,text,groups,lesson_player=[not_specified_in_repo] ; supabase=[groups:optional],component_payload: groups:optional,"lv2,supabase"
groupSummary,Purpose & Outcomes,NEEDS_USER_INPUT,text,groups,lesson_player=[not_specified_in_repo] ; supabase=[groups:optional],component_payload: groups:optional,"lv2,supabase"
description,Purpose & Outcomes,NEEDS_USER_INPUT,text,activity_slides; groups; lessons; modules; slides; title_slides,lesson_player=[not_specified_in_repo] ; supabase=[activity_slides:optional; groups:optional; lessons:optional; modules:optional; slides:optional; title_slides:optional],component_payload: activity_slides:optional; groups:optional; lessons:optional; modules:optional; slides:optional; title_slides:optional,"lv2,supabase"
activityDescription,Purpose & Outcomes,NEEDS_USER_INPUT,text,lessons,lesson_player=[not_specified_in_repo] ; supabase=[lessons:optional],component_payload: lessons:optional,"lv2,supabase"
learningObjectives,Purpose & Outcomes,NEEDS_USER_INPUT,text,activity_slides; groups; lessons; modules; slides,lesson_player=[not_specified_in_repo] ; supabase=[activity_slides:optional; groups:optional; lessons:optional; modules:optional; slides:optional],component_payload: activity_slides:optional; groups:optional; lessons:optional; modules:optional; slides:optional,"lv2,supabase"
competencyTags,Purpose & Outcomes,NEEDS_USER_INPUT,text,activity_slides; groups; lessons; modules,lesson_player=[not_specified_in_repo] ; supabase=[activity_slides:optional; groups:optional; lessons:optional; modules:optional],component_payload: activity_slides:optional; groups:optional; lessons:optional; modules:optional,"lv2,supabase"
tags,Purpose & Outcomes,NEEDS_USER_INPUT,text,activity_slides; groups; lessons; modules; slides; title_slides,lesson_player=[not_specified_in_repo] ; supabase=[activity_slides:optional; groups:optional; lessons:optional; modules:optional; slides:optional; title_slides:optional],component_payload: activity_slides:optional; groups:optional; lessons:optional; modules:optional; slides:optional; title_slides:optional,"lv2,supabase"
coreTopics,Purpose & Outcomes,NEEDS_USER_INPUT,text,activity_slides; lessons; modules,lesson_player=[not_specified_in_repo] ; supabase=[activity_slides:optional; lessons:optional; modules:optional],component_payload: activity_slides:optional; lessons:optional; modules:optional,"lv2,supabase"
topicCategory,Purpose & Outcomes,NEEDS_USER_INPUT,text,activity_slides; groups; lessons; modules,lesson_player=[not_specified_in_repo] ; supabase=[activity_slides:optional; groups:optional; lessons:optional; modules:optional],component_payload: activity_slides:optional; groups:optional; lessons:optional; modules:optional,"lv2,supabase"
keywords,Purpose & Outcomes,NEEDS_USER_INPUT,text,activity_slides; groups; lessons; modules,lesson_player=[not_specified_in_repo] ; supabase=[activity_slides:optional; groups:optional; lessons:optional; modules:optional],component_payload: activity_slides:optional; groups:optional; lessons:optional; modules:optional,"lv2,supabase"
audienceNotes,"Scope, Prerequisites & Targeting",NEEDS_USER_INPUT,text,activity_slides; groups; lessons; modules,lesson_player=[not_specified_in_repo] ; supabase=[activity_slides:optional; groups:optional; lessons:optional; modules:optional],component_payload: activity_slides:optional; groups:optional; lessons:optional; modules:optional,"lv2,supabase"
level,"Scope, Prerequisites & Targeting",NEEDS_USER_INPUT,select,groups; lessons; modules,lesson_player=[not_specified_in_repo] ; supabase=[groups:optional; lessons:optional; modules:required],component_payload: groups:optional; lessons:optional; modules:required,"lv2,supabase"
cefrLevel,"Scope, Prerequisites & Targeting",NEEDS_USER_INPUT,select,activity_slides; groups; lessons,lesson_player=[not_specified_in_repo] ; supabase=[activity_slides:optional; groups:optional; lessons:optional],component_payload: activity_slides:optional; groups:optional; lessons:optional,"lv2,supabase"
levelMax,"Scope, Prerequisites & Targeting",NEEDS_USER_INPUT,select,activity_slides; groups; lessons; modules,lesson_player=[not_specified_in_repo] ; supabase=[activity_slides:optional; groups:optional; lessons:optional; modules:optional],component_payload: activity_slides:optional; groups:optional; lessons:optional; modules:optional,"lv2,supabase"
cefrMax,"Scope, Prerequisites & Targeting",NEEDS_USER_INPUT,select,activity_slides; groups; lessons; modules,lesson_player=[not_specified_in_repo] ; supabase=[activity_slides:optional; groups:optional; lessons:optional; modules:optional],component_payload: activity_slides:optional; groups:optional; lessons:optional; modules:optional,"lv2,supabase"
levelMin,"Scope, Prerequisites & Targeting",NEEDS_USER_INPUT,select,activity_slides; groups; lessons; modules,lesson_player=[not_specified_in_repo] ; supabase=[activity_slides:optional; groups:optional; lessons:optional; modules:optional],component_payload: activity_slides:optional; groups:optional; lessons:optional; modules:optional,"lv2,supabase"
cefrMin,"Scope, Prerequisites & Targeting",NEEDS_USER_INPUT,select,activity_slides; groups; lessons; modules,lesson_player=[not_specified_in_repo] ; supabase=[activity_slides:optional; groups:optional; lessons:optional; modules:optional],component_payload: activity_slides:optional; groups:optional; lessons:optional; modules:optional,"lv2,supabase"
diagnosticChecks,"Scope, Prerequisites & Targeting",NEEDS_USER_INPUT,text,activity_slides; groups; lessons,lesson_player=[not_specified_in_repo] ; supabase=[activity_slides:optional; groups:optional; lessons:optional],component_payload: activity_slides:optional; groups:optional; lessons:optional,"lv2,supabase"
prerequisiteModules,"Scope, Prerequisites & Targeting",NEEDS_USER_INPUT,text,activity_slides; modules,lesson_player=[not_specified_in_repo] ; supabase=[activity_slides:optional; modules:optional],component_payload: activity_slides:optional; modules:optional,"lv2,supabase"
prerequisites,"Scope, Prerequisites & Targeting",NEEDS_USER_INPUT,text,activity_slides; groups; lessons,lesson_player=[not_specified_in_repo] ; supabase=[activity_slides:optional; groups:optional; lessons:optional],component_payload: activity_slides:optional; groups:optional; lessons:optional,"lv2,supabase"
priorLessons,"Scope, Prerequisites & Targeting",NEEDS_USER_INPUT,text,activity_slides; lessons,lesson_player=[not_specified_in_repo] ; supabase=[activity_slides:optional; lessons:optional],component_payload: activity_slides:optional; lessons:optional,"lv2,supabase"
prerequisiteEdges,"Scope, Prerequisites & Targeting",NEEDS_USER_INPUT,text,activity_slides; groups; lessons,lesson_player=[not_specified_in_repo] ; supabase=[activity_slides:optional; groups:optional; lessons:optional],component_payload: activity_slides:optional; groups:optional; lessons:optional,"lv2,supabase"
prerequisiteNodes,"Scope, Prerequisites & Targeting",NEEDS_USER_INPUT,text,activity_slides; groups; lessons,lesson_player=[not_specified_in_repo] ; supabase=[activity_slides:optional; groups:optional; lessons:optional],component_payload: activity_slides:optional; groups:optional; lessons:optional,"lv2,supabase"
prerequisiteSlices,"Scope, Prerequisites & Targeting",NEEDS_USER_INPUT,text,activity_slides; groups; lessons,lesson_player=[not_specified_in_repo] ; supabase=[activity_slides:optional; groups:optional; lessons:optional],component_payload: activity_slides:optional; groups:optional; lessons:optional,"lv2,supabase"
orderIndex,Structure & Sequencing,NEEDS_USER_INPUT,text,activity_slides; groups; lesson_ends; lessons; modules; slides,lesson_player=[not_specified_in_repo] ; supabase=[activity_slides:optional; groups:optional; lesson_ends:required; lessons:optional; modules:optional; slides:optional],component_payload: activity_slides:optional; groups:optional; lesson_ends:required; lessons:optional; modules:optional; slides:optional | lesson_ends_baseline: required,"lv2,supabase"
capstoneLesson,Structure & Sequencing,NEEDS_USER_INPUT,select,modules,lesson_player=[not_specified_in_repo] ; supabase=[modules:optional],component_payload: modules:optional,"lv2,supabase"
lessonSequenceRules,Structure & Sequencing,NEEDS_USER_INPUT,text,modules,lesson_player=[not_specified_in_repo] ; supabase=[modules:optional],component_payload: modules:optional,"lv2,supabase"
requiredLessons,Structure & Sequencing,NEEDS_USER_INPUT,text,modules,lesson_player=[not_specified_in_repo] ; supabase=[modules:optional],component_payload: modules:optional,"lv2,supabase"
optionalLessons,Structure & Sequencing,NEEDS_USER_INPUT,text,modules,lesson_player=[not_specified_in_repo] ; supabase=[modules:optional],component_payload: modules:optional,"lv2,supabase"
groupPlan,Structure & Sequencing,NEEDS_USER_INPUT,text,groups; lessons,lesson_player=[not_specified_in_repo] ; supabase=[groups:optional; lessons:optional],component_payload: groups:optional; lessons:optional,"lv2,supabase"
groupSlidesPlan,Structure & Sequencing,NEEDS_USER_INPUT,text,groups,lesson_player=[not_specified_in_repo] ; supabase=[groups:optional],component_payload: groups:optional,"lv2,supabase"
groupType,Structure & Sequencing,NEEDS_USER_INPUT,select,groups,lesson_player=[not_specified_in_repo] ; supabase=[groups:optional],component_payload: groups:optional,"lv2,supabase"
progressionNotes,Structure & Sequencing,NEEDS_USER_INPUT,text,modules,lesson_player=[not_specified_in_repo] ; supabase=[modules:optional],component_payload: modules:optional,"lv2,supabase"
purposeRelationshipTag,Structure & Sequencing,NEEDS_USER_INPUT,select,groups,lesson_player=[not_specified_in_repo] ; supabase=[groups:optional],component_payload: groups:optional,"lv2,supabase"
sequenceType,Structure & Sequencing,NEEDS_USER_INPUT,select,modules,lesson_player=[not_specified_in_repo] ; supabase=[modules:optional],component_payload: modules:optional,"lv2,supabase"
slidePlan,Structure & Sequencing,NEEDS_USER_INPUT,text,groups; lessons,lesson_player=[not_specified_in_repo] ; supabase=[groups:optional; lessons:optional],component_payload: groups:optional; lessons:optional,"lv2,supabase"
teacherNotes,Teacher Guidance,NEEDS_USER_INPUT,text,activity_slides; groups; lessons; modules; slides,lesson_player=[not_specified_in_repo] ; supabase=[activity_slides:optional; groups:optional; lessons:optional; modules:optional; slides:optional],component_payload: activity_slides:optional; groups:optional; lessons:optional; modules:optional; slides:optional,"lv2,supabase"
teacherOverview,Teacher Guidance,NEEDS_USER_INPUT,text,activity_slides; groups; lessons; modules; slides,lesson_player=[not_specified_in_repo] ; supabase=[activity_slides:optional; groups:optional; lessons:optional; modules:optional; slides:optional],component_payload: activity_slides:optional; groups:optional; lessons:optional; modules:optional; slides:optional,"lv2,supabase"
notesForTeacherOrAI,Teacher Guidance,NEEDS_USER_INPUT,text,activity_slides; groups; lessons; slides,lesson_player=[not_specified_in_repo] ; supabase=[activity_slides:optional; groups:optional; lessons:optional; slides:optional],component_payload: activity_slides:optional; groups:optional; lessons:optional; slides:optional,"lv2,supabase"
authorNotes,Teacher Guidance,NEEDS_USER_INPUT,text,modules,lesson_player=[not_specified_in_repo] ; supabase=[modules:optional],component_payload: modules:optional,"lv2,supabase"
anecdoteOrMemoryHook,Teacher Guidance,NEEDS_USER_INPUT,text,activity_slides; groups; slides,lesson_player=[not_specified_in_repo] ; supabase=[activity_slides:optional; groups:optional; slides:optional],component_payload: activity_slides:optional; groups:optional; slides:optional,"lv2,supabase"
commonMisconceptions,Teacher Guidance,NEEDS_USER_INPUT,text,activity_slides; groups; lessons; modules; slides,lesson_player=[not_specified_in_repo] ; supabase=[activity_slides:optional; groups:optional; lessons:optional; modules:optional; slides:optional],component_payload: activity_slides:optional; groups:optional; lessons:optional; modules:optional; slides:optional,"lv2,supabase"
shortSummaryTeacherModule,Teacher Guidance,NEEDS_USER_INPUT,text,modules,lesson_player=[not_specified_in_repo] ; supabase=[modules:optional],component_payload: modules:optional,"lv2,supabase"
shortSummaryLessonAdmin,Teacher Guidance,NEEDS_USER_INPUT,text,lessons,lesson_player=[not_specified_in_repo] ; supabase=[lessons:optional],component_payload: lessons:optional,"lv2,supabase"
shortSummaryTeacherLesson,Teacher Guidance,NEEDS_USER_INPUT,text,lessons,lesson_player=[not_specified_in_repo] ; supabase=[lessons:optional],component_payload: lessons:optional,"lv2,supabase"
shortSummaryLessonStudent,Teacher Guidance,NEEDS_USER_INPUT,text,lessons,lesson_player=[not_specified_in_repo] ; supabase=[lessons:optional],component_payload: lessons:optional,"lv2,supabase"
shortSummaryTeacherGroup,Teacher Guidance,NEEDS_USER_INPUT,text,groups,lesson_player=[not_specified_in_repo] ; supabase=[groups:optional],component_payload: groups:optional,"lv2,supabase"
shortSummaryTeacherActivity,Teacher Guidance,NEEDS_USER_INPUT,text,activity_slides,lesson_player=[not_specified_in_repo] ; supabase=[activity_slides:optional],component_payload: activity_slides:optional,"lv2,supabase"
shortSummaryTeacherSlide,Teacher Guidance,NEEDS_USER_INPUT,text,activity_slides; slides,lesson_player=[not_specified_in_repo] ; supabase=[activity_slides:optional; slides:optional],component_payload: activity_slides:optional; slides:optional,"lv2,supabase"
canonicalNodeKey,Telemetry & Analytics,NEEDS_USER_INPUT,text,groups; lessons; modules,lesson_player=[not_specified_in_repo] ; supabase=[groups:optional; lessons:optional; modules:optional],component_payload: groups:optional; lessons:optional; modules:optional,"lv2,supabase,telemetry"
expectedCompletionRate,Telemetry & Analytics,NEEDS_USER_INPUT,text,activity_slides; groups; lessons; modules,lesson_player=[not_specified_in_repo] ; supabase=[activity_slides:optional; groups:optional; lessons:optional; modules:optional],component_payload: activity_slides:optional; groups:optional; lessons:optional; modules:optional,"lv2,supabase,telemetry"
expectedModuleDurationMinutes,Telemetry & Analytics,NEEDS_USER_INPUT,text,modules,lesson_player=[not_specified_in_repo] ; supabase=[modules:optional],component_payload: modules:optional,"lv2,supabase,telemetry"
expectedTimeOnTask,Telemetry & Analytics,NEEDS_USER_INPUT,text,activity_slides; groups; lessons,lesson_player=[not_specified_in_repo] ; supabase=[activity_slides:optional; groups:optional; lessons:optional],component_payload: activity_slides:optional; groups:optional; lessons:optional,"lv2,supabase,telemetry"
experimentFlag,Telemetry & Analytics,NEEDS_USER_INPUT,text,groups; lessons; modules,lesson_player=[not_specified_in_repo] ; supabase=[groups:optional; lessons:optional; modules:optional],component_payload: groups:optional; lessons:optional; modules:optional,"lv2,supabase,telemetry"
targetedEdges,Telemetry & Analytics,NEEDS_USER_INPUT,text,activity_slides; groups; lessons,lesson_player=[not_specified_in_repo] ; supabase=[activity_slides:optional; groups:optional; lessons:optional],component_payload: activity_slides:optional; groups:optional; lessons:optional,"lv2,supabase,telemetry"
targetedNodes,Telemetry & Analytics,NEEDS_USER_INPUT,text,activity_slides; groups; lessons,lesson_player=[not_specified_in_repo] ; supabase=[activity_slides:optional; groups:optional; lessons:optional],component_payload: activity_slides:optional; groups:optional; lessons:optional,"lv2,supabase,telemetry"
targetedSlices,Telemetry & Analytics,NEEDS_USER_INPUT,text,activity_slides; groups; lessons,lesson_player=[not_specified_in_repo] ; supabase=[activity_slides:optional; groups:optional; lessons:optional],component_payload: activity_slides:optional; groups:optional; lessons:optional,"lv2,supabase,telemetry"
targetNodeKeys,Telemetry & Analytics,NEEDS_USER_INPUT,text,activity_slides; groups; lessons; slides,lesson_player=[not_specified_in_repo] ; supabase=[activity_slides:optional; groups:optional; lessons:optional; slides:optional],component_payload: activity_slides:optional; groups:optional; lessons:optional; slides:optional,"lv2,supabase,telemetry"
telemetryTags,Telemetry & Analytics,NEEDS_USER_INPUT,text,activity_slides; groups; lesson_ends; lessons; modules; slides,lesson_player=[not_specified_in_repo] ; supabase=[activity_slides:optional; groups:optional; lesson_ends:optional; lessons:optional; modules:optional; slides:optional],component_payload: activity_slides:optional; groups:optional; lesson_ends:optional; lessons:optional; modules:optional; slides:optional,"lv2,supabase,telemetry"
